{"cameraMode":{"drawMode":0,"name":"Shaded","section":"Shading Mode"},"sceneLighting":true,"audioPlay":false,"sceneViewState":{"m_AlwaysRefresh":false,"showFog":true,"showSkybox":true,"showFlares":true,"showImageEffects":true,"showParticleSystems":true,"showVisualEffectGraphs":true,"m_FxEnabled":true},"in2DMode":false,"pivot":{"x":356.2005310058594,"y":273.6268310546875,"z":2.710982322692871},"rotation":{"x":0.06862243264913559,"y":0.020049121230840684,"z":0.0013787534553557635,"w":-0.9974405765533447},"size":269.31390380859377,"orthographic":false}